...1,name,LINK,DATE (Contract or public tender attribution),eur,VALUE (local),BUYER,EU FUNDS (Total or partial contribution),PRODUCTS,WINNER,Notes and links,Background,total
1,Croatia,https://ted.europa.eu/en/notice/-/detail/31982-2026,2026-01-16T00:00:00Z,853124,NA,Ministry of the Interior,"Internal Security Fund (ISF) (2014/2020)
Further details of EU funds: Digitalna forenzika za kibernetički kriminalitet - DiForCC 2",LOT-0000: Licenca za forenzički alat Cellebrite Inseyets online pro 3 godišnja pretplata,INsig2 d.o.o.,Ministarstvo unutarnjih poslova Republike Hrvatske - Provođenje projekta „Digitalna forenzika za kibernetički kriminalitet (DiForCC 2)“ - Third edition of the project launched in March 2026,"From DIMSE: ""These diplomatic and security exchanges were accompanied by purchases of Israeli technology by the Croatian Ministry of the Interior. Cellebrite’s forensic tools have been purchased by Croatia since at least 2017, with recurring contracts in following years. The purchases and licence renewals were made through a local company named INsig2.[32][33][34] In 2024, the Croatian Ministry of the Interior spent more than €300,000 on Cellebrite software licenses.[35] A document published on the website of the Croatian Ministry of the Interior suggests that another contract, worth more than million euro, was signed in 2025 for 3 year usage of Cellebrite’s Inseyets online pro 3.",NA
2,Croatia,https://eojn.hr/contract-eo/326398,2024-12-20T00:00:00Z,244645,NA,Ministry of the Interior,NA,Maintenance of licenses for forensics software (EnCase Celibrate licenses)-,INsig2 d.o.o.,NA,NA,NA
3,Croatia,https://eojn.hr/contract-eo/309738,2024-04-29T00:00:00Z,4115,NA,Ministry of the Interior,NA,Cellebrite Physical Analyzer Licenses,INsig2 d.o.o.,NA,NA,NA
4,Poland,https://ted.europa.eu/en/notice/-/detail/8592-2026,2026-01-08T00:00:00Z,179683.88,"756,450.00 PLN",Provincial Police Headquarters in Katowice,NA,"Lot: LOT-0007: Przedmiotem zamówienia jest Cellebrite UFED 4PC . The police are buying 3 Cellebrite UFED 4PC licenses with 5 years of updates, delivered within 7 days, with license start dates carefully aligned so no paid license time is wasted, as part of Lot 7 of a larger software tender.",MEDIA sp. z o.o.,NA,"MEDIA Sp,, also known as Mediarecovery, that resells systems by Cellebrite and other companies in Poland and E. Europe. It operates a specialized technical center in Poland where they conduct authorized training sessions for Israeli software. It sells as well systems by Cognyte, another Israeli surveillance company.",NA
5,Poland,https://ted.europa.eu/en/notice/-/detail/8592-2027,2026-01-09T00:00:00Z,52298.24,"220,170.00 PLN",Provincial Police Headquarters in Katowice,NA,"Lot: LOT-0031:Przedmiotem zamówienia jest Cellebrite UFED 4PC Lot 31 is a standalone contract for 4 Cellebrite UFED 4PC licenses with 1-year updates, delivered within 7 days, with activation timed to avoid overlap with existing licenses.",MEDIA sp. z o.o.,NA,NA,NA
6,Poland,https://ted.europa.eu/en/notice/-/detail/782-2026,2026-01-02T00:00:00Z,48472.73,"204,065.04 PLN","Centralne Biuro Zwalczania Cyberprzestępczości (CBZC)
→ Poland’s national cybercrime police authority, specifically its Poznań command.",NA,Przedmiotem zamówienia jest dostawa aktualizacja oprogramowania Cellebrite UFED 4PC Ultimate - szczegółowy opis przedmiotu zamówienia zawarty został w załączniku nr 1 do SWZ dla danej części. LOT-0018 is a standalone contract for renewing (updating) existing Cellebrite UFED 4PC Ultimate licences,MEDIA sp. z o.o.,NA,The CBZC Commander testified before the Pegasus Investigative Committee of the Polish Parliament and quit his position in 2026. It's unclear whether CBZC used Pegasus.,NA
7,Poland,https://ted.europa.eu/en/notice/-/detail/869016-2025,2025-12-31T00:00:00Z,29298.97,"123,345.53 PLN",Urząd Ochrony Konkurencji i Konsumentów - Poland’s Office of Competition and Consumer Protection.,NA,LOT-0007: Odnowienie subskrypcji 2 licencji oprogramowania UFED Inseyets Online PRO oraz aktualizacja 1 licencji do oprogramowania do UFED Inseyets Online PRO . Renewal of subscriptions for 2 licences of UFED Inseyets Online PRO and upgrade of 1 licence to UFED Inseyets Online PRO,NA,NA,NA,NA
8,Poland,https://ted.europa.eu/en/notice/-/detail/869016-2026,2025-12-31T00:00:00Z,2858.15,"12,032.52 PLN",Urząd Ochrony Konkurencji i Konsumentów - Poland’s Office of Competition and Consumer Protection.,NA,LOT-0011: Odnowienie subskrypcji licencji oprogramowania Cellebrite Digital Collector (1 licencja) Renewal of the subscription for 1 licence of Cellebrite Digital Collector,MEDIA sp. z o.o.,NA,NA,NA
9,Poland,https://ted.europa.eu/en/notice/-/detail/845147-2025,2025-12-18T00:00:00Z,127954.76,"252,000.00 PLN",Komenda Wojewódzka Policji w Gdańsku - Provincial Police Headquarters in Gdańsk (for the CBCZ local department),NA,"Lot: LOT-0006
Title: zad 6-Przedmiotem zamówienia jest dostawa specjalistycznego oprogramowania ma potrzeby Zarządu w Gdańsku Centralnego Biura Zwalczania Cyberprzestępczości.
Description: Dostawa pakietu oprogramowania umożliwiającego dostęp do danych przechowywanych na urządzeniach mobilnych np.: Cellebrite Inseyets Online Pro (UFED 4PC Ultimate) – 2 sztuki Delivery of a software package enabling access to data stored on mobile devices, e.g. Cellebrite Inseyets Online Pro (UFED 4PC Ultimate) – 2 units",MEDIA sp. z o.o.,NA,NA,NA
10,Poland,https://ted.europa.eu/en/notice/-/detail/789281-2025,2025-11-27T00:00:00Z,130098.3,"547,700.00 PLN",ODDZIAŁ ZABEZPIECZENIA ŻANDARMERII WOJSKOWEJ - a unit of Poland’s Military Gendarmerie.,NA,LOT-0001: Zadanie nr 1: Aktualizacja oprogramowania UFED - Update (renewal) of UFED software - (UFED is a mobile forensic software product made by Cellebrite),MEDIA sp. z o.o.,NA,NA,NA
11,Poland,https://ted.europa.eu/en/notice/-/detail/561816-2025,2025-08-28T00:00:00Z,171738.79,"723,002.00 PLN",Provincial Police Headquarters in Białystok,NA,"Lot: LOT-0001
Title: Dostawa oprogramowania z zakresu informatyki śledczej określonego w zadaniu nr 1
Description: Dostawa oprogramowania z zakresu informatyki śledczej Cellebrite Inseyets Pro Online - szczegółowo opisanego w załączniku nr 1A oraz 3 SWZ",MEDIA sp. z o.o.,NA,NA,NA
12,Poland,https://ted.europa.eu/en/notice/-/detail/659413-2025,2025-10-03T00:00:00Z,24330.13,123.983.74 PLN,Komenda Wojewódzka Policji w Białymstoku - regional police headquarters for the Białystok area,NA,"Lot: LOT-0001
Title: Dostawa oprogramowania z zakresu informatyki śledczej określonego w zadaniu nr 1
Description: Dostawa oprogramowania z zakresu informatyki śledczej Cellebrite Inseyets Pro Online - szczegółowo opisanego w załączniku nr 1A oraz 3 SWZ (LOT-0001 is a contract to supply Cellebrite Inseyets Pro Online digital forensic software)",MEDIA sp. z o.o.,NA,NA,NA
13,Poland,"https://ted.europa.eu/en/notice/-/detail/615742-2025
",2025-08-25T00:00:00Z,381945.44,"1,605,150.00 PLN","Izba Administracji Skarbowej w Opolu - Tax Administration Chamber in Opole, Poland.",NA,LOT-0001: Dostawa licencji aktualizacyjnych do zakupionych zestawów UFED 4PC (firmy Cellebrite) – 8szt. - Delivery of update (renewal) licences for purchased UFED 4PC sets (by Cellebrite),MEDIA sp. z o.o.,NA,NA,NA
14,Belgium,https://ted.europa.eu/en/notice/-/detail/3139-2026,2025-12-29T00:00:00Z,3996041.5,NA,Federal Police,NA,"LOT-0006: Title: 2026R3019 - 6- Software forensique « Inseyets » de Cellebrite pour l’extraction, l’analyse et la gestion de données provenant d’appareils mobiles (GSM, smartphone, GPS)
Description: Software forensique « Inseyets » de Cellebrite Cellebrite “Inseyets” forensic software for extracting, analysing and managing data from mobile devices (mobile phones, smartphones, GPS devices).",Cellebrite GmbH,NA,NA,NA
15,Belgium,https://ted.europa.eu/en/notice/-/detail/3139-2027,2025-12-29T00:00:00Z,99060,NA,Federal Police,NA,"Lot: LOT-0005 Title: 2026R3019 - 5- Software pour l'analyse forensique des appareils MAC OS à l'aide d'un PC MAC OS Description: Software pour l'analyse forensique des appareils MAC OS à l'aide d'un PC MAC OS. Forensic software that allows investigators to analyse Apple macOS computers, using a Mac computer as the forensic workstation.",Cellebrite  GmbH,NA,NA,NA
16,Belgium,https://ted.europa.eu/en/notice/-/detail/3139-2028,2025-12-29T00:00:00Z,118560,NA,Federal Police,NA,"Lot: LOT-0003 Title: 2026R3019 - 3- Software pour la réalisation d'une copie forensique de systèmes MAC OS Description: Software pour la réalisation d'une copie forensique de systèmes MAC OS LOT-0003 is a contract lot for software that creates forensically valid copies (images) of macOS systems, forming the evidence-preservation step in Apple computer investigations.",Cellebrite  GmbH,NA,NA,NA
17,Belgium,https://ted.europa.eu/en/notice/-/detail/522322-2024,2024-08-30T00:00:00Z,113009,NA,SPF Finances,NA,"Lot: LOT-0011
Description: Cellebrite Digital Collecter ou équivalent
Lot: LOT-0012
Description: Cellebrite Digital Inspector ou équivalent
Lot: LOT-0003
Description: Cellebrite UFED 4PC license renewal 2024-2028- Ultimate ou équivalent (non assigned)",DataExpert B.V.,NA,NA,NA
18,Belgium,https://www.publicprocurement.be/publication-workspaces/485a5b94-ddf6-4e2a-a1e5-971f85e83d74/general,2025-06-03T00:00:00Z,143000,NA,Belgium’s Federal Judicial Police,NA,"Maintenance des logiciels  « UFED 4PC» et « Cloud Analyzer » de Cellebrite
Marché pluriannuel de services  pour la maintenance des licences UFED 4 PC au profit des F-RCCU de la Police Judiciaire Fédérale.",NA,NA,NA,NA
19,Bulgaria,https://ted.europa.eu/en/notice/-/detail/283504-2026,2026-01-15T00:00:00Z,177553.78,NA,Bulgaria’s General Directorate for Combating Organised Crime,Procurement Project fully or partially financed with EU Funds.,Supply of a license for the Cellebrite Touch 2 software product.,Future Standards EOOD,NA,NA,NA
20,Latvia,"https://ted.europa.eu/en/notice/-/detail/743987-2025
https://www.eis.gov.lv/EKEIS/Supplier/Procurement/156362",2025-11-10T00:00:00Z,26500,NA,Valsts policija - Latvian State Police,"
",LOT-0004: Programmatūras Cellebrite Inseyets Pro Online unlocks,"SIA ""DATI Group""",NA,NA,NA
21,Latvia,https://www.eis.gov.lv/EKEIS/Supplier/Procurement/156362,2025-09-16T00:00:00Z,52762,NA,Valsts policija - Latvian State Police,NA,"Lot 1 – License update for the EnCase software;
Lot 4 – Cellebrite Inseyets Pro Online unlocks;
Lot 5 – Procurement of licenses for Cellebrite Autonomy Lab Workers;","SIA ""DATI Group""",NA,NA,NA
22,Latvia,https://ted.europa.eu/en/notice/-/detail/681547-2025,2025-10-16T00:00:00Z,115270,NA,Valsts policija - Latvian State Police,NA,"LOT-0001: Programmnodrošinājums: Cellebrite Inseyets Pro Online, Maltego Enterprise","SIA ""DATI Group""",NA,NA,NA
23,Latvia,https://www.eis.gov.lv/EKEIS/Supplier/Procurement/148629,2025-08-04T00:00:00Z,15700,NA,Valsts policija - Latvian State Police,NA,Cellebrite software updates for the Latvian State Police College (VPK).,"SIA ""DATI Group""",NA,NA,NA
24,Latvia,https://ted.europa.eu/en/notice/-/detail/389638-2025,2025-06-04T00:00:00Z,26300,NA,Valsts policija - Latvian State Police,NA,Cellebrite software update,"SIA ""DATI Group""",NA,NA,NA
25,Latvia,https://ted.europa.eu/en/notice/-/detail/730669-2024,2024-11-07T00:00:00Z,427270,NA,Valsts policija - Latvian State Police,NA,Cellebrite software update,"SIA ""DATI Group""",NA,NA,NA
26,Latvia,https://ted.europa.eu/fr/notice/-/detail/694193-2022,2022-11-30T00:00:00Z,7750,NA,Valsts policija - Latvian State Police,NA,Cellebrite UFED licenses,"SIA ""DATI Group""",NA,NA,NA
27,Latvia,https://ted.europa.eu/fr/notice/-/detail/559267-2022,2022-09-23T00:00:00Z,13715,NA,Valsts policija - Latvian State Police,NA,Cellebrite UFED 4PC Ultimate,"SIA ""DATI Group""",NA,NA,NA
28,Italy,"https://ted.europa.eu/en/notice/-/detail/791353-2025
",2025-11-28T00:00:00Z,395292,NA,Comando Generale della Guardia di Finanza - Italy’s General Command of the Guardia di Finanza.,NA,"Lot: LOT-0001
Title: acquisizione della soluzione software Cellebrite “Inseyets Online Pro”
Description: acquisizione della soluzione software Cellebrite “Inseyets Online Pro”","Datamatic Sistemi e Servizi S.p.A.
",NA,NA,NA
29,Italy,https://ec.europa.eu/info/funding-tenders/opportunities/portal/screen/opportunities/projects-details/43251842/101060175/EUAF?order=DESC&pageNumber=1&pageSize=10&sortBy=relevance&keywords=cellebrite,2022-06-01T00:00:00Z,224720,NA,Comando Generale della Guardia di Finanza - Italy’s General Command of the Guardia di Finanza.,"EU-funded anti-fraud project launched in 2021, managed by OLAF","The ENTERPRISE project aims at empowering the technological equipment of Guardia di Finanza’s units with modern and highly advanced digital forensics tools, in the fighting against fraudulent irregularities, fraud and corruption detrimental to the EU financial interests. This target will be pursuit through the purchase network licenses of digital forensics software and the creation of a central management, allowing the whole LEA to share licenses among law enforcement operators in compliance with internal rules, operational needs and threats (metti una lista di quello che compri, ad esempio:) - n. 10 network licenses of the software Cellebrite Inspector; - n. 34 licenses of the software Cellebrite Digital Collector; - n. 15 network licenses of the software Access Data FTK; - n. 110 MacBook workstations necessary for the use of Cellebrite Digital Collector software; - training e-learning session, included in the software supplies, for at least 110 operators of GdF, involved in the use of the above mentioned equipment. Specific forensic software will allow the LEA to improve its investigative power by getting advantage of a huge source of information that was accessible partially and/or with unacceptable delay without proper equipment. Thanks also to a central software licensing system, we will be able to install new software and to share the available licenses among many operators all over the Country.",NA,NA,NA,NA
30,Italy,https://ted.europa.eu/en/notice/-/detail/695604-2025,2025-10-22T00:00:00Z,482256.24,NA,Comando Generale della Guardia di Finanza - Italy’s General Command of the Guardia di Finanza.,NA,"LOT-0001: Acquisizione della tecnologia avanzata di mobile forensics denominata “Inseyets Online Pro”, prodotta dalla Cellebrite Ltd.",4N6 S.r.l.,NA,NA,NA
31,Italy,https://ted.europa.eu/en/notice/-/detail/254586-2024,2024-05-14T00:00:00Z,268461,NA,General Command of the Carabinieri,EU ISF 2014-2020,"Renewal, for a period of n. 12 months, of n. 27 Cellebrite licenses of two types, for the needs of the Carabinieri",4N6 S.r.l.,NA,NA,NA
32,Italy,https://www.poliziadistato.it/statics/01/decreto-aggiudicazione-lotto-1.pdf,2023-05-05T00:00:00Z,2739995,NA,Polizia di Stato - Ministry of Interior,NA,"
The supply consists of the acquisition of the following goods and/or services, together with the related services:

1. Postal and Communications Police Service of the Central Directorate for Road, Railway and Communications Police and Special Units

**Renewals:**

* 23 (twenty-three) renewals of UFED 4PC Ultimate Subscription licenses, including software release updates;
* 1 (one) renewal of Digital Collector Subscription;
* 1 (one) renewal of Inspector Subscription;
* 2 (two) renewals of UFED Touch2 Ultimate Subscription.

**Additional acquisitions:**

* 15 (fifteen) UFED 4PC Ultimate Subscription licenses with hardware kits;
* 6 (six) UFED Touch3 Ultimate Subscription packages (software and hardware);
* 1 (one) Cellebrite Premium Unlimited platform for Android and iOS mobile phones, including the Premium System and a full software maintenance and remote technical support license;
* 1 (one) Digital Collector subscription;
* 1 (one) Inspector subscription.

### 2. Traffic Police Service of the Central Directorate for Road, Railway and Communications Police and Special Units

**Renewals:**

* 5 (five) renewals of UFED 4PC Ultimate Subscription licenses, including software release updates.

### 3. General Affairs and Information Service of the Central Directorate for Prevention Police

**Renewals:**

* 3 (three) renewals of UFED 4PC Ultimate Subscription licenses, including software release updates;
* 1 (one) Digital Collector subscription and related tablet.

**Additional acquisitions:**

* 24 (twenty-four) UFED 4PC Ultimate Subscription licenses with hardware kits.

### 4. Central Operations Service of the Central Anti-Crime Directorate

**Renewals:**

* 20 (twenty) renewals of UFED 4PC Ultimate Subscription licenses, including software release updates.

### 5. Forensic Police Service of the Central Anti-Crime Directorate

**Renewals:**

* 2 (two) renewals of UFED 4PC Ultimate licenses, including software release updates;
* 1 (one) renewal of Digital Collector Subscription;
* 1 (one) renewal of Inspector Subscription;
* 1 (one) renewal of Cloud Analyzer Subscription Subscription.
",4N6 S.r.l.,NA,NA,NA
33,Estonia,"
https://riigihanked.riik.ee/rhr-web/#/procurement/9046945/contracts",2025-11-17T00:00:00Z,159795.14,NA,Main supplier: ⁠Ministry of the Interior Information Technology and Development Center (70008440),NA,"Lot: LOT-0000
Title: Digikriminalistika tarkvara Cellebrite litsentsid ja koolitused
Description: Digikriminalistika tarkvara Cellebrite litsentsid ja koolitused / Kõrvaldamise alused ja kvalifitseerimistingimused: Vaata hanke alusdokumentidest LOT-0000 is a brand-specific contract for purchasing Cellebrite digital forensic software licences together with user training",Cellebrite DI Ltd,NA,NA,NA
34,Estonia,https://riigihanked.riik.ee/rhr-web/#/procurement/9040046/general-info,2025-07-08T00:00:00Z,55997.5,NA,State Information and Communication Technology Center,NA,Extension of licenses for Cellebrite software until 31.05.2026,AS ATEA,NA,NA,NA
35,Estonia,https://riigihanked.riik.ee/rhr-web/#/procurement/8065444/contracts/8704398,2025-01-08T00:00:00Z,138444.27,NA,Ministry of the Interior Information Technology and Development Center,NA,Renewal of licenses,Cellebrite DI Ltd,NA,NA,NA
36,Estonia,https://riigihanked.riik.ee/rhr-web/#/procurement/6222005/contracts/7227338,2023-09-18T00:00:00Z,96212.48,NA,Ministry of the Interior Information Technology and Development Center,NA,purchase of Cellebrite licenses (right of use).,Moonsoft Oy,NA,NA,NA
37,Estonia,https://riigihanked.riik.ee/rhr-web/#/procurement/5626840/general-info,2023-03-13T00:00:00Z,20500,NA,National Defence Investment Centre,NA,Renewal of UFED 4PC Ultimate licenses according to the underlying documents of the related procurement (reference number 261561) and the dynamic purchasing system (reference number 255269).,AS Atea,NA,NA,NA
38,Estonia,"
Riigihangete register05100/contracts/6140386",2023-08-21T00:00:00Z,40685,NA,Ministry of the Interior Information Technology and Development Center (70008440),NA,NA,Cellebrite DI Ltd,NA,NA,NA
39,Lithuania,https://ted.europa.eu/en/notice/-/detail/388630-2026,2026-06-03T00:00:00Z,148400,NA,Policijos departamentas prie Lietuvos Respublikos vidaus reikalų ministerijos -  Police Department under the Ministry of the Interior of the Republic of Lithuania,NA,"Renewal and maintenance/support services for a period of 12 months for:

Cellebrite Inseyets On-Prem Unlimited Unlocks (or equivalent) – 1 license;
Cellebrite Inseyets Online Pro (or equivalent) – 1 license;
Cellebrite Inseyets Online Pro (or equivalent) – 1 license.","NRD CS, UAB",NA,NA,NA
40,Lithuania,https://ted.europa.eu/en/notice/-/detail/764594-2024,2024-11-12T00:00:00Z,41900,NA,"Policijos departamentas prie Lietuvos Respublikos vidaus reikalų ministerijos -  Police Department under the Ministry of the Interior of the Republic of Lithuania
",NA,LOT-0002: Renewal of the license for the Cellebrite Pathfinder software used for information technology examinations of mobile phones and other smart mobile devices for a period of 12 months.,UAB NRD CS,NA,NA,NA
41,Lithuania,https://ted.europa.eu/en/notice/-/detail/684958-2024,2024-10-14T00:00:00Z,110800,NA,"Policijos departamentas prie Lietuvos Respublikos vidaus reikalų ministerijos -  Police Department under the Ministry of the Interior of the Republic of Lithuania
",NA,"Purchase of 3 new licenses of Cellebrite Inseyets Pro Online (or equivalent), with 3 years of support and maintenance. Cellebrite Digital Collector software for the examination of Apple computers (or equivalent). Extension of Software Maintenance Services (SMS) support for the Cellebrite Digital Collector software for a period of 36 months",UAB NRD CS,NA,NA,NA
42,Lithuania,https://ted.europa.eu/en/notice/-/detail/351064-2024,2024-06-12T00:00:00Z,158236.54,NA,"Policijos departamentas prie Lietuvos Respublikos vidaus reikalų ministerijos -  Police Department under the Ministry of the Interior of the Republic of Lithuania
",NA,Cellebrite UFED Premium Software License Renewal and Maintenance Services,UAB NRD CS,NA,NA,NA
43,Lithuania,https://ted.europa.eu/en/notice/-/detail/195133-2024,2024-03-25T00:00:00Z,282738.84,NA,"Policijos departamentas prie Lietuvos Respublikos vidaus reikalų ministerijos -  Police Department under the Ministry of the Interior of the Republic of Lithuania
",Procurement Project fully or partially financed with EU Funds.,Renewal of Cellebrite UFED licenses and extension of Software Maintenance Services (SMS) technical support. 2 years.,UAB NRD CS,NA,NA,NA
44,Hungary,https://ted.europa.eu/en/notice/-/detail/181450-2026,2026-03-16T00:00:00Z,302522.75,"107,583,000.00 HUF",Készenléti Rendőrség - Rapid Response Police” / “Mobile Police Unit,NA,LOT-0001: Cellebrite Inseyets online Pro upgrade,Communication Technologies Korlátolt Felelősségű Társaság,NA,NA,NA
45,Romania,https://ted.europa.eu/en/notice/-/detail/645668-2025,2025-09-25T00:00:00Z,43927.53,"223,771.97 RON",DIRECTIA NATIONALA ANTICORUPTIE - NATIONAL ANTI-CORRUPTION DIRECTORATE,"Procurement Project fully or partially financed with EU Funds. UE –EUAF-2024-TA, 101194114 — 2024-RO-DIGIT. LINK
The procurement is covered by the Government Procurement Agreement (GPA): no","LOT-0009: LOT 9 Cellebrite Software
Description: Cellebrite Software Componenta lot: 9.1 - UFED Premium Kits – hardware + software license cu 1 an subscripție [Cellebrite UFED 4PC Premium] sau echivalent -2 buc 9.2 - Reînnoire subscripție cu 1 an SMS pentru Cellebrite Inseyets PRO UFED+PA Subscription – software -1 buc. 9.3 – Cellebrite Digital Collector– hardware + software license cu subscripție term 1 an SMS ""-1 buc, conform caiet de sarcini",Q-EAST SOFTWARE,NA,NA,NA
46,Romania,https://ted.europa.eu/en/notice/-/detail/645668-2026,2025-09-25T00:00:00Z,15881.75,"80,958.00 RON",DIRECTIA NATIONALA ANTICORUPTIE - NATIONAL ANTI-CORRUPTION DIRECTORATE,"Procurement Project fully or partially financed with EU Funds. UE –EUAF-2024-TA, 101194114 — 2024-RO-DIGIT
The procurement is covered by the Government Procurement Agreement (GPA): no","LOT-0005: LOT 5 Unitate mobilă ID: MDT-UFED triaj, dispozitive mobile– Hardware
Portable computers",PRAGMA COMPUTERS S.R.L.,NA,NA,NA
47,Romania,https://ted.europa.eu/en/notice/-/detail/514228-2025,2025-07-30T00:00:00Z,34501.57,"181,078.30 RON",DIRECTIA NATIONALA ANTICORUPTIE - NATIONAL ANTI-CORRUPTION DIRECTORATE,"Procurement Project fully or partially financed with EU Funds. UE –EUAF-2024-TA, 101194114 — 2024-RO-DIGIT
The procurement is covered by the Government Procurement Agreement (GPA): no","Subscriptions and technical support required for equipment/software applications – Cellebrite – Cellebrite Cloud Analyzer
 Cellebrite – Cellebrite Inspector
Cellebrite – Cellebrite Digital Collector
 Cellebrite – Cellebrite UFED 4PC + Premium
 Cellebrite – Cellebrite UFED Inseyets Pro",Q-EAST SOFTWARE,NA,NA,NA
48,Romania,https://ted.europa.eu/en/notice/-/detail/639974-2024,2024-09-30T00:00:00Z,37278.04,"195,650 RON",DIRECTIA NATIONALA ANTICORUPTIE - NATIONAL ANTI-CORRUPTION DIRECTORATE,"Procurement Project fully or partially financed with EU Funds. UE –EUAF-2024-TA, 101194114 — 2024-RO-DIGIT
The procurement is covered by the Government Procurement Agreement (GPA): no",19.1 Cellebrite Cloud Analyzer 19.2 Cellebrite Touch 2 19.3 Cellebrite Inspector and Digital Collector 19.4 Cellebrite Apple Forensic Fundamentals (1 x training course) 19.5 Cellebrite Apple Intermediate Forensics + Cellebrite Apple Advanced Forensics (training course) 19.6 Cellebrite Advanced Smartphone Analysis(1 x training course),Q-EAST SOFTWARE,NA,NA,NA
49,Romania,https://ted.europa.eu/en/notice/-/detail/620024-2024,2024-10-04T00:00:00Z,13106.85,"68,790 RON",DIRECTIA NATIONALA ANTICORUPTIE - NATIONAL ANTI-CORRUPTION DIRECTORATE,"Procurement Project fully or partially financed with EU Funds. ""101101258-2022-RO-FORPIF” Project with OLAF.
The procurement is covered by the Government Procurement Agreement (GPA): no",Cellebrite UFED,PRAGMA COMPUTERS S.R.L.,NA,NA,NA
50,Romania,https://ted.europa.eu/en/notice/-/detail/281054-2024,2024-05-08T00:00:00Z,161382.55,"847,700 RON",INSPECTORATUL GENERAL AL POLITIEI ROMANE,"Procurement Project fully or partially financed with EU Funds. Project MINDFOR.
The procurement is covered by the Government Procurement Agreement (GPA): no",Renewal and maintenance/support for Cellebrite UFED,Q-EAST SOFTWARE,NA,NA,NA
51,Romania,https://e-licitatie.ro/pub/notices/c-notice/v2/view/100167156,2023-10-25T00:00:00Z,18200.76,"95,000 RON",DIRECTIA NATIONALA ANTICORUPTIE - NATIONAL ANTI-CORRUPTION DIRECTORATE,NA,Cellebrite,Q-EAST SOFTWARE,NA,NA,NA
52,Romania,https://ted.europa.eu/fr/notice/-/detail/21201-2023,2022-12-21T00:00:00Z,59065,"310,000 RON",DIRECTIA NATIONALA ANTICORUPTIE - NATIONAL ANTI-CORRUPTION DIRECTORATE,NA,Cellebrite licenses,Q-EAST SOFTWARE,NA,NA,NA
53,Romania,https://ec.europa.eu/info/funding-tenders/opportunities/portal/screen/opportunities/projects-details/43251842/101101182/EUAF?order=DESC&pageNumber=1&pageSize=10&sortBy=relevance&keywords=cellebrite,2023-07-01T00:00:00Z,207180,NA,NA,NA,PONTUS 3 (Project ID 101101182) is an EU Anti-Fraud Programme (EUAF) grant that directly financed the renewal of Cellebrite forensic software licences (among others) for Romania’s organised-crime prosecution authority.,NA,NA,NA,NA
54,Czechia,https://ted.europa.eu/en/notice/-/detail/142461-2026,2026-03-02T00:00:00Z,68400,NA,Krajské ředitelství policie Moravskoslezského kraje - Regional Directorate of the Police of the Moravian-Silesian Region,NA,"
One yeat licenses for Cellebrite Inspector, Inseyets, Digital Collector, InCase",DIGITAL FORENSICS INSTITUTE s.r.o. + Forsolution,NA,NA,NA
55,Spain,https://ted.europa.eu/en/notice/-/detail/662257-2025,2025-10-09T00:00:00Z,612400,NA,Servicio De Contratacion De La Dir. General De La Guardia Civil. Mº Interior,NA,"Renovación De Las Suscripciones De Un Conjunto De Licencias Del Producto Cellebrite O Equivalente, Con Destino A Las Unidades Operativas Del Cuerpo De La Guardia Civil, Por Un Periodo De 12 Meses, A Partir Del 15 De Noviembre De 2025. (Servicio De Contratacion De La Dir. General De La Guardia Civil. Mº Interior)
Spain, Madrid (ES300) - Renewal of the subscriptions of a set of licences for the product Cellebrite or equivalent, for the operational units of the Guardia Civil, for a period of 12 months, starting from 15 November 2025",Sda25 Csa-Cibernos Consulting,NA,NA,NA
56,Spain,https://ted.europa.eu/en/notice/-/detail/532262-2025,2025-08-12T00:00:00Z,1773238.1,NA,División Económica y Técnica (Cuerpo Nacional de Policía),NA,Adquisición de software avanzado forense de extracción de datos móviles cellebrite para la DGP.,On Retrieval Group,NA,NA,NA
57,Spain,https://ted.europa.eu/en/notice/-/detail/521541-2025,2025-08-06T00:00:00Z,181125,NA,Servicio De Contratacion De La Dir. General De La Guardia Civil. Mº Interior,NA,La Renovación De Diversas Licencias Del Fabricante Cellebrite (O Equivalente) Para Distintas Unidades De La Guardia Civil Por Un Periodo De Doce (12) Meses.,Cibernos Consulting + SDA24,NA,NA,NA
58,Spain,https://www.concursospublicos.com/licitaciones/detalle/23861105/renovacion-herramienta-software-y-hardware-especifico-de-ciberdefensa-ufed-touch2-de-cellebrite,2024-11-07T00:00:00Z,9090,NA,Ministerio de Defensa,NA,Renovación herramienta software y hardware específico de ciberdefensa (UFED TOUCH2 DE CELLEBRITE),NA,NA,NA,NA
59,Spain,https://contrataciondelestado.es/wps/poc?uri=deeplink%3Adetalle_licitacion&idEvl=61bR8Ejawn7kY6rls5tG9A%3D%3D,2024-08-24T00:00:00Z,59500,NA,División Económica y Técnica (Cuerpo Nacional de Policía),NA,Cellebrite Commander and Cellebrite Enterprise Premium,NA,NA,NA,NA
60,Spain,https://www.infoconcurso.com/2024/1932600-23-licencias-cellebrite-ufed-4pc-ultimate-subscription-o-equivalente-servicio-de-contratacion-de-la-dir-general-de-la-guardia-civil-mo-interior,2024-07-26T00:00:00Z,156308,NA,"Guardia Civil, Ministero del Interior",NA,23 Licencias Cellebrite Ufed 4Pc Ultimate Subscription (O Equivalente) (1.932.600),Cibernos Consulting + SDA25,NA,NA,NA
61,Spain,https://ted.europa.eu/fr/notice/-/detail/431077-2023,2023-07-12T00:00:00Z,494990,NA,División Económica y Técnica (Cuerpo Nacional de Policía),NA,Contratación de renovación de suscripción de software avanzado de extracción de datos móviles forense 2023-2026 para la D.G.P.,Ondata International S.L.,NA,NA,NA
62,Spain,BOE-B-2023-3000 Anuncio de formalización de contratos de: División Económica y Técnica (Cuerpo Nacional de Policía). Objeto: Renovación de suscripción de software y hardware forense Cellebrite 2022-2025 para la DGP. Expediente: Z22IN020/T40.,2022-11-28T00:00:00Z,1230476.82,NA,División Económica y Técnica (Cuerpo Nacional de Policía),NA,Contratos de: División Económica y Técnica (Cuerpo Nacional de Policía). Objeto: Renovación de suscripción de software y hardware forense Cellebrite 2022-2025 para la DGP. Expediente: Z22IN020/T40.,Onrecovery SLU,NA,NA,NA
63,Germany,https://ted.europa.eu/en/notice/-/detail/591035-2025,2025-09-10T00:00:00Z,1300000,NA,"Zentrale Polizeidirektion Niedersachsen - Lower Saxony’s central police
",NA,"LOT-0001: Landeslizenz Cellebrite Inseyets. New Inseyets licenses for the forensic laboratories of the Lower Saxony Police, as well as their partner agencies in Lower Saxony, for one year (2026)",Cellebrite GmbH,NA,NA,NA
66,Germany,https://oeffentlichevergabe.de/ui/en/search/details?noticeId=5b14ec9f-93d9-4f4b-add5-e722df6862d0&lotId=LOT-0000,2023-12-08T00:00:00Z,527841.74,NA,Polizei Berlin,NA,Extension of UFED Cellebrite licenses by two years,Cellebrite GmbH,NA,NA,NA
69,Germany,https://www.evergabe.com/bg/oferti/rv-zum-bezug-von-hard-und-software-fur-digitale-ermittlungen-mit-funktionen-fur-zugriff-extraktion-dekodierung-prufung-und-automatisierung-2237157/,2026-04-01T00:00:00Z,4201680.6,NA,Police Inspection Central Services Saxony-Anhalt,NA,4 year framework agreeement,Cellebrite GmbH,NA,NA,NA
71,Germany,https://ted.europa.eu/fr/notice/-/detail/291033-2023,2023-05-11T00:00:00Z,1547011.74,NA,Central Police of North Rhine Westfalia - Landesamt für Zentrale Polizeiliche Dienste NRW,NA,NA,Cellebrite GmbH,NA,NA,NA
73,Germany,https://ted.europa.eu/fr/notice/-/detail/8196-2023,2023-01-06T00:00:00Z,1678631.54,NA,Landeskriminalamt Nordrhein-Westfalen,NA,Cellebrite Premium,Cellebrite GmbH,NA,NA,NA
75,Germany,https://ted.europa.eu/fr/notice/-/detail/648683-2022,2022-11-17T00:00:00Z,1609187.56,NA,Zentrale Polizeidirektion Niedersachsen,NA,"The application is used nationwide for the purposes of crime investigation and prevention.

The forensic units are attached to the individual police inspectorates, which vary in size (full-time equivalent staff positions). However, the applications used are standardized across all units.

The Cellebrite products are required to maintain operational continuity and ongoing service activities.",Cellebrite GmbH,NA,NA,NA
76,Germany,https://ted.europa.eu/fr/notice/-/detail/243595-2022,2022-05-02T00:00:00Z,1260503,NA,Landesamt für Zentrale Polizeiliche Dienste NRW,NA,License renewal,Cellebrite GmbH,NA,NA,NA
77,France,https://ted.europa.eu/en/notice/-/detail/260998-2019,2019-06-05T00:00:00Z,5091707,NA,Ministère de l'Intérieur,NA,4 years framework contract: Fourniture d'équipements informatiques et électroniques forensiques et de lutte contre la cybercriminalité - Systèmes d’extraction et d’exploitation de données provenant de supports mobiles,Cellebrite France SAS,NA,NA,NA
78,France,https://www.boamp.fr/pages/avis/?q=idweb:%2219-90844%22,2019-06-13T00:00:00Z,2134132,NA,Ministère de l'Intérieur,UE FSI,"Le présent accord-cadre a pour objet les mises à jour et les migrations concernant les parcs existants de systèmes d'extraction et d'analyse de données téléphoniques "" Cellebrite "" pour les besoins de la Gendarmerie Nationale, la Police Nationale, la Douane et la Direction de la Coopération de Sécurité et de Défense. L'accord-cadre est passé pour une durée de 4 ans.",Cellebrite France SAS,NA,NA,NA
79,Portugal,https://www.base.gov.pt/Base4/pt/detalhe/?type=contratos&id=11849487,2025-10-23T00:00:00Z,63620,NA,Procuradoria-Geral da República,NA,Renovação da Subscrição do Licenciamento do software forense - CELLEBRITE,"Código Azul, Lda (506373789)",NA,NA,NA
80,Portugal,https://www.base.gov.pt/Base4/pt/detalhe/?type=contratos&id=11849238,2025-10-23T00:00:00Z,15728,NA,Procuradoria-Geral da República,NA,"Renovação da Subscrição do Licenciamento do software forense - NUIX, INTELLA, AXIOM, PASSWARE, ENCASE, Forensic e CELLEBRITE",REDSHIFT CONSULTING,NA,NA,NA
81,Portugal,https://www.base.gov.pt/Base4/pt/detalhe/?type=contratos&id=11957245,2025-11-19T00:00:00Z,45122,NA,Policia de Seguraça Publica,NA,Premium (Inseyets) 150 desbloqueios - CT 229/2025,"Código Azul, Lda (506373789)",NA,NA,NA
82,Portugal,https://www.base.gov.pt/Base4/pt/detalhe/?type=contratos&id=10835623,2024-07-09T00:00:00Z,59347,NA,Procuradoria-Geral da República,NA,Renovação da subscrição do licenciamento do software – Cellebrite UFED,"Código Azul, Lda (506373789)",NA,NA,NA
83,Portugal,https://www.base.gov.pt/Base4/pt/detalhe/?type=contratos&id=9181209,2022-04-08T00:00:00Z,12450,NA,Polícia Judiciária (600011712),NA,FORNECIMENTO DE LICENCIAMENTO FORENSE Cellebrite UFED touch2 ultimate Cellebrite pathfinder desktop subscription,"Código Azul, Sistemas Tecnológicos e Produções Artísticas (506373789)",NA,NA,NA
84,Portugal,https://www.base.gov.pt/Base4/pt/detalhe/?type=contratos&id=8442760,2021-11-30T00:00:00Z,132105.82,NA,Polícia Judiciária (600011712),NA,"Descrição	Projeto PT/2019/FSI/505 - Cyber Trainning - Certificação avançada para peritos forenses
Fundamentação para recurso ao ajuste direto (se aplicável)	ausência de recursos próprios . Objeto do contrato: Formação para uso de ferramentas informáticas Cellebrite para peritos forenses",Cellebrite Mobile Synchronization Ltd (512766577),NA,NA,NA
85,Portugal,https://www.base.gov.pt/Base4/pt/detalhe/?type=contratos&id=7767105,2021-06-09T00:00:00Z,14500,NA,Guarda Nacional Republicana,NA,AQUISIÇÃO DE RENOVAÇÃO DE LICENÇAS DE SOFTWARE FORENTE (CELLEBRITE – 4PC ULTIMATE E PATHFINDER DESKTOP) EM USO NA DIREÇÃO DE INVESTIGAÇÃO CRIMINAL DA GUARDA NACIONAL REPUBLICANA,"Código Azul, Sistemas Tecnológicos e Produções Artísticas (506373789)",NA,NA,NA
86,Portugal,https://www.base.gov.pt/Base4/pt/detalhe/?type=contratos&id=2730050,2016-12-07T00:00:00Z,12953,NA,Universidade do Porto (501413197),NA,FCUP_Aquisição de aplicação para análise forense de dispositivos móveis,Cellebrite Mobile Synchronization Ltd,NA,NA,NA
87,Austria,https://ausschreibungen.usp.gv.at/at.gv.bmdw.eproc-p/public/tender-detail?object=009b7802-0b04-4fee-8dac-3922bd5098ae-KD_2256743,2025-12-19T00:00:00Z,626713.59,NA,Federal Ministry of the Interior - Section IV/Group DDS/Department 7/Department b (Asset and Contract Management),NA,NA,Cellebrite GmbH,NA,NA,NA
88,Austria,https://ausschreibungen.usp.gv.at/at.gv.bmdw.eproc-p/public/tender-detail?object=009b7802-0b04-4fee-8dac-3922bd5098ae-KD_2256742,2025-12-19T00:00:00Z,79493.39,NA,Federal Ministry of the Interior - Section IV/Group DDS/Department 7/Department b (Asset and Contract Management),NA,NA,Cellebrite GmbH,NA,NA,NA
89,Austria,https://ausschreibungen.usp.gv.at/at.gv.bmdw.eproc-p/public/tender-detail?object=009b7802-0b04-4fee-8dac-3922bd5098ae-KD_2247666,2025-12-12T00:00:00Z,243165.6,NA,Federal Ministry of the Interior - Section IV/Group DDS/Department 7/Department b (Asset and Contract Management),NA,NA,Cellebrite GmbH,NA,NA,NA
90,Austria,https://ausschreibungen.usp.gv.at/at.gv.bmdw.eproc-p/public/tender-detail?object=009b7802-0b04-4fee-8dac-3922bd5098ae-KD_2226331,2025-11-12T00:00:00Z,59565,NA,Federal Ministry of the Interior - Section IV/Group DDS/Department 7/Department b (Asset and Contract Management),NA,NA,Cellebrite GmbH,NA,NA,NA
91,Austria,https://ausschreibungen.usp.gv.at/at.gv.bmdw.eproc-p/public/tender-detail?object=009b7802-0b04-4fee-8dac-3922bd5098ae-KD_2188342,2025-09-30T00:00:00Z,100272.5,NA,Federal Ministry of the Interior - Section IV/Group DDS/Department 7/Department b (Asset and Contract Management),NA,Cellebrite Inseyets,Cellebrite GmbH,NA,NA,NA
92,Austria,https://ausschreibungen.usp.gv.at/at.gv.bmdw.eproc-p/public/tender-detail?object=009b7802-0b04-4fee-8dac-3922bd5098ae-KD_2171630,2025-09-08T00:00:00Z,74815,NA,Federal Ministry of the Interior - Section IV/Group DDS/Department 7/Department b (Asset and Contract Management),NA,Cellebrite Pathfinder,Cellebrite GmbH,NA,NA,NA
93,Austria,https://ausschreibungen.usp.gv.at/at.gv.bmdw.eproc-p/public/tenderlist,2025-08-01T00:00:00Z,60900,NA,BMLV/Abteilung Informations und Kommunikationstechnologie Systeme,NA,Cellebrite UFED,Cellebrite GmbH,NA,NA,NA
94,Austria,https://ausschreibungen.usp.gv.at/at.gv.bmdw.eproc-p/public/tender-detail?object=009b7802-0b04-4fee-8dac-3922bd5098ae-KD_2138845,2025-06-26T00:00:00Z,980844.78,NA,Federal Ministry of the Interior - Section IV/Group DDS/Department 7/Department b (Asset and Contract Management),NA,NA,Cellebrite GmbH,NA,NA,NA
95,Austria,https://ausschreibungen.usp.gv.at/at.gv.bmdw.eproc-p/public/tender-detail?object=009b7802-0b04-4fee-8dac-3922bd5098ae-67786,2026-05-20T00:00:00Z,86400,NA,Federal Ministry of the Interior - Section IV/Group DDS/Department 7/Department b (Asset and Contract Management),NA,NA,Cellebrite GmbH,NA,NA,NA
96,Austria,https://ausschreibungen.usp.gv.at/at.gv.bmdw.eproc-p/public/tender-detail?object=009b7802-0b04-4fee-8dac-3922bd5098ae-67215,2026-03-17T00:00:00Z,369541.53,NA,Federal Ministry of the Interior - Section IV/Group DDS/Department 7/Department b (Asset and Contract Management),NA,NA,Cellebrite GmbH,NA,NA,NA
97,Austria,https://ausschreibungen.usp.gv.at/at.gv.bmdw.eproc-p/public/tender-detail?object=009b7802-0b04-4fee-8dac-3922bd5098ae-59758,2024-10-22T00:00:00Z,79384,NA,Landespolizeidirektion Tirol,NA,NA,Cellebrite GmbH,NA,NA,NA
98,Austria,https://ausschreibungen.usp.gv.at/at.gv.bmdw.eproc-p/public/tender-detail?object=009b7802-0b04-4fee-8dac-3922bd5098ae-59228,2024-09-10T00:00:00Z,302655,NA,Federal Ministry of the Interior - Section IV/Group DDS/Department 7/Department b (Asset and Contract Management),NA,NA,Cellebrite GmbH,NA,NA,NA
99,Austria,https://ausschreibungen.usp.gv.at/at.gv.bmdw.eproc-p/public/tender-detail?object=009b7802-0b04-4fee-8dac-3922bd5098ae-59228,2024-09-09T00:00:00Z,302655,NA,Federal Ministry of the Interior - Section IV/Group DDS/Department 7/Department b (Asset and Contract Management),NA,NA,Cellebrite GmbH,NA,NA,NA
100,Austria,https://ausschreibungen.usp.gv.at/at.gv.bmdw.eproc-p/public/tender-detail?object=009b7802-0b04-4fee-8dac-3922bd5098ae-59202,2024-09-06T00:00:00Z,389990,NA,Federal Ministry of the Interior - Section IV/Group DDS/Department 7/Department b (Asset and Contract Management),NA,NA,Cellebrite GmbH,NA,NA,NA
101,Austria,https://ausschreibungen.usp.gv.at/at.gv.bmdw.eproc-p/public/tender-detail?object=009b7802-0b04-4fee-8dac-3922bd5098ae-55460,2024-07-15T00:00:00Z,355230,NA,Bundesrechenzentrum Gesellschaft mit beschränkter Haftung,NA,"Cellebrite licenses up to Dec. 31, 2025",Cellebrite GmbH,NA,NA,NA
102,Austria,https://ausschreibungen.usp.gv.at/at.gv.bmdw.eproc-p/public/tender-detail?object=009b7802-0b04-4fee-8dac-3922bd5098ae-42812,2024-03-20T00:00:00Z,53311,NA,Federal Ministry of the Interior - Section IV/Group DDS/Department 7/Department b (Asset and Contract Management),NA,NA,Cellebrite GmbH,NA,NA,NA
103,Austria,https://ausschreibungen.usp.gv.at/at.gv.bmdw.eproc-p/public/tender-detail?object=009b7802-0b04-4fee-8dac-3922bd5098ae-40590,2024-02-29T00:00:00Z,115017,NA,Bundesministerium für Justiz - Sektion III/Präsidialsektion/Gruppe Budget und Infrastruktur/Abteilung 3,NA,Upgrade Cellebrite Premium Licenses - 1 year,Cellebrite GmbH,NA,NA,NA
104,Austria,https://ausschreibungen.usp.gv.at/at.gv.bmdw.eproc-p/public/tender-detail?object=a2c49245-23b2-46e1-acc7-c5a78913a090-c8ac8fd0-fc3f-412d-9e03-e161d39ce89e,2023-11-16T00:00:00Z,50526,NA,Bundesministerium für Arbeit und Wirtschaft,NA,NA,Cellebrite GmbH,NA,NA,NA
105,Austria,https://ausschreibungen.usp.gv.at/at.gv.bmdw.eproc-p/public/tender-detail?object=009b7802-0b04-4fee-8dac-3922bd5098ae-36088,2024-09-25T00:00:00Z,74800,NA,Federal Ministry of the Interior - Section IV/Group DDS/Department 7/Department b (Asset and Contract Management),NA,NA,Cellebrite GmbH,NA,NA,NA
106,Austria,https://ausschreibungen.usp.gv.at/at.gv.bmdw.eproc-p/public/tender-detail?object=009b7802-0b04-4fee-8dac-3922bd5098ae-34856,2023-08-24T00:00:00Z,58902,NA,Landespolizeidirektion Niederösterreich - Logistikabteilung,NA,NA,Cellebrite GmbH,NA,NA,NA
107,Austria,https://ausschreibungen.usp.gv.at/at.gv.bmdw.eproc-p/public/tender-detail?object=009b7802-0b04-4fee-8dac-3922bd5098ae-31297,2023-06-12T00:00:00Z,184298,NA,Bundesrechenzentrum Gesellschaft mit beschränkter Haftung,NA,Cellebrite Premium,Cellebrite GmbH,NA,NA,NA
108,Denmark,https://ted.europa.eu/fr/notice/-/detail/5460-2021,2021-01-05T00:00:00Z,2817000,NA,Rigspolitiet,NA,Framework Agreement for Forensic Software for Mobile Devices,Cellebrite DI,NA,NA,NA
NA,Norway,https://ted.europa.eu/fr/notice/-/detail/551196-2023,2023-08-08T00:00:00Z,1600000,NA,Skatteetaten,NA,Framework agreement to cover the Norwegian Tax Administration's need for licences for Cellebrite.,Crayon AS,NA,NA,NA
